Workbook

Sheet Dashboard
A1: PHONE NUMBER VALIDATION DASHBOARD
A2: ManyMangoes - AI Agent Validation Engine
A4: Total Numbers | B4: Calls Made | C4: Human Answered | D4: Voicemail | E4: No Answer | F4: Dead (10 tries) | G4: Pending | H4: Success Rate | I4: Avg Attempts
A5: =COUNTA(Numbers!A2:A99967) -> 8 | B5: =SUM(Numbers!I2:I99967) -> 8 | C5: =COUNTIF(Numbers!B2:B99967,"Human Answered") -> 0 | D5: =COUNTIF(Numbers!B2:B99967,"Voicemail") -> 0 | E5: =COUNTIF(Numbers!B2:B99967,"No Answer") -> 0 | F5: =COUNTIF(Numbers!B2:B99967,"Dead") -> 0 | G5: =COUNTIF(Numbers!B2:B99967,"Pending")+COUNTIF(Numbers!B2:B99967,"In Progress")+COUNTIF(Numbers!B2:B99967,"Retry") -> 8 | H5: =IF(C5+D5+E5+F5=0,"-",TEXT(C5/(C5+D5+E5+F5),"0.0%")) -> - | I5: =IF(B5=0,"-",TEXT(B5/A5,"0.0")) -> 1.0
A8: TIME SLOT PERFORMANCE | G8: CLASSIFICATION BREAKDOWN
A9: Time Slot (ET) | B9: Calls Made | C9: Human Answered | D9: Answer Rate | E9: Best Slot? | G9: Classification | H9: Count | I9: Percentage
A10: 8am-10am | B10: =SUMPRODUCT((Numbers!D2:D99967>0)*1) -> 8 | C10: =COUNTIFS(Numbers!B2:B99967,"Human Answered",Numbers!C2:C99967,"8am-10am") -> 0 | D10: =IF(B10=0,"-",TEXT(C10/B10,"0.0%")) -> 0.0% | E10: =IF(C10=MAX(C$10:C$14),"*","") -> * | G10: Human Answered | H10: =COUNTIF(Numbers!B2:B99967,G10) -> 0 | I10: =IF(COUNTA(Numbers!A2:A99967)=0,"-",TEXT(H10/COUNTA(Numbers!A2:A99967),"0.0%")) -> 0.0%
A11: 10am-12pm | B11: =SUMPRODUCT((Numbers!E2:E99967>0)*1) -> 0 | C11: =COUNTIFS(Numbers!B2:B99967,"Human Answered",Numbers!C2:C99967,"10am-12pm") -> 0 | D11: =IF(B11=0,"-",TEXT(C11/B11,"0.0%")) -> - | E11: =IF(C11=MAX(C$10:C$14),"*","") -> * | G11: Voicemail | H11: =COUNTIF(Numbers!B2:B99967,G11) -> 0 | I11: =IF(COUNTA(Numbers!A2:A99967)=0,"-",TEXT(H11/COUNTA(Numbers!A2:A99967),"0.0%")) -> 0.0%
A12: 12pm-2pm | B12: =SUMPRODUCT((Numbers!F2:F99967>0)*1) -> 0 | C12: =COUNTIFS(Numbers!B2:B99967,"Human Answered",Numbers!C2:C99967,"12pm-2pm") -> 0 | D12: =IF(B12=0,"-",TEXT(C12/B12,"0.0%")) -> - | E12: =IF(C12=MAX(C$10:C$14),"*","") -> * | G12: No Answer | H12: =COUNTIF(Numbers!B2:B99967,G12) -> 0 | I12: =IF(COUNTA(Numbers!A2:A99967)=0,"-",TEXT(H12/COUNTA(Numbers!A2:A99967),"0.0%")) -> 0.0%
A13: 2pm-4pm | B13: =SUMPRODUCT((Numbers!G2:G99967>0)*1) -> 0 | C13: =COUNTIFS(Numbers!B2:B99967,"Human Answered",Numbers!C2:C99967,"2pm-4pm") -> 0 | D13: =IF(B13=0,"-",TEXT(C13/B13,"0.0%")) -> - | E13: =IF(C13=MAX(C$10:C$14),"*","") -> * | G13: Dead | H13: =COUNTIF(Numbers!B2:B99967,G13) -> 0 | I13: =IF(COUNTA(Numbers!A2:A99967)=0,"-",TEXT(H13/COUNTA(Numbers!A2:A99967),"0.0%")) -> 0.0%
A14: 4pm-6pm | B14: =SUMPRODUCT((Numbers!H2:H99967>0)*1) -> 0 | C14: =COUNTIFS(Numbers!B2:B99967,"Human Answered",Numbers!C2:C99967,"4pm-6pm") -> 0 | D14: =IF(B14=0,"-",TEXT(C14/B14,"0.0%")) -> - | E14: =IF(C14=MAX(C$10:C$14),"*","") -> * | G14: In Progress | H14: =COUNTIF(Numbers!B2:B99967,G14) -> 5 | I14: =IF(COUNTA(Numbers!A2:A99967)=0,"-",TEXT(H14/COUNTA(Numbers!A2:A99967),"0.0%")) -> 62.5%
G15: Pending | H15: =COUNTIF(Numbers!B2:B99967,G15) -> 0 | I15: =IF(COUNTA(Numbers!A2:A99967)=0,"-",TEXT(H15/COUNTA(Numbers!A2:A99967),"0.0%")) -> 0.0%
G16: Retry | H16: =COUNTIF(Numbers!B2:B99967,G16) -> 3 | I16: =IF(COUNTA(Numbers!A2:A99967)=0,"-",TEXT(H16/COUNTA(Numbers!A2:A99967),"0.0%")) -> 37.5%
A18: OVERALL PROGRESS
A19: Completed | B19: =A5-G5 -> 0 | C19: of | D19: =A5 -> 8 | E19: =IF(A5=0,"-",TEXT((A5-G5)/A5,"0.0%") & " complete") -> 0.0% complete

Sheet Numbers
A1: Phone Number | B1: Status | C1: Answered In Slot | D1: 8am-10am | E1: 10am-12pm | F1: 12pm-2pm | G1: 2pm-4pm | H1: 4pm-6pm | I1: Total Attempts | J1: Last Call ID | K1: Last Duration (s) | L1: Last Transcript | M1: Last Classification | N1: Last Called At | O1: Recording URL | P1: Answered At
A2: +16188416200 | B2: Retry | D2: 1 | I2: 1 | J2: btcal_4701krekxr5ae2j9r8jqh7zjn9yh | K2: 22 | L2: MANGO: Hello, can you hear me? | Caller: Graham unavailable right now. Please leave me a message. | MANGO: Hello Can you hear me ? I can`t hear you. Hello ! | M2: Voicemail | N2: 2026-05-12T17:32:01.046Z
A3: +19147294098 | B3: In Progress | D3: 1 | I3: 1 | J3: btcal_4701krekxr5ae2j9r8jqh7zjn9yh | N3: 2026-05-12T17:32:01.046Z
A4: +18162176566 | B4: Retry | D4: 1 | I4: 1 | J4: btcal_4701krekxr5ae2j9r8jqh7zjn9yh | K4: 34 | L4: MANGO: Hello, can you hear me? | Caller: The person you're trying to reach is not available. At the tone, please record your message. When you have finished recording, you may hang up. | MANGO: Hello Can you hear me ? I can`t hear you. Hello ! | M4: Voicemail | N4: 2026-05-12T17:32:01.046Z
A5: +18162583565 | B5: In Progress | D5: 1 | I5: 1 | J5: btcal_4701krekxr5ae2j9r8jqh7zjn9yh | N5: 2026-05-12T17:32:01.046Z
A6: +18106241528 | B6: In Progress | D6: 1 | I6: 1 | J6: btcal_4701krekxr5ae2j9r8jqh7zjn9yh | N6: 2026-05-12T17:32:01.046Z
A7: +15173751762 | B7: In Progress | D7: 1 | I7: 1 | J7: btcal_4701krekxr5ae2j9r8jqh7zjn9yh | N7: 2026-05-12T17:32:01.046Z
A8: +12696150209 | B8: In Progress | D8: 1 | I8: 1 | J8: btcal_4701krekxr5ae2j9r8jqh7zjn9yh | N8: 2026-05-12T17:32:01.046Z
A9: +18455214364 | B9: Retry | D9: 1 | I9: 1 | J9: btcal_4701krekxr5ae2j9r8jqh7zjn9yh | K9: 61 | L9: MANGO: Hello, can you hear me? | Caller: Yoram Steinberg. | M9: Voicemail | N9: 2026-05-12T17:32:01.046Z

Sheet Config
A1: CONFIGURATION
A3: Setting | B3: Value | C3: Description
A4: ElevenLabs API key | B4: sk_d12fbd978be645e9b4af0703ab62a5b34aa31092bdb98b51 | C4: 1
A5: ElevenLabs Agent ID | B5: agent_2201krdq8y4pehwtbahyr6r0y9zh
A6: Batch Size | B6: 50 | C6: Numbers to process per batch run
A7: Max Duration (s) | B7: 10 | C7: Max call duration (Vapi min: 10)
A8: Concurrent Calls | B8: 1 | C8: Max simultaneous calls (keep low to avoid transport errors)
A9: Poll Interval (min) | B9: 2 | C9: Minutes between auto-poll checks
A10: Max Attempts Per Number | B10: 10 | C10: Stop calling after this many tries
A11: Max Per Slot | B11: 2 | C11: Max attempts per time slot window
A12: ElevenLabs Phone Number ID | B12: phnum_3401krdsffz5ezbtvqf7yps9t0yp
A14: TIME SLOT WINDOWS (Eastern Time)
A15: Slot # | B15: Window | C15: Column in Numbers Sheet
A16: 1 | B16: 8:00 AM - 10:00 AM | C16: D (col 4)
A17: 2 | B17: 10:00 AM - 12:00 PM | C17: E (col 5)
A18: 3 | B18: 12:00 PM - 2:00 PM | C18: F (col 6)
A19: 4 | B19: 2:00 PM - 4:00 PM | C19: G (col 7)
A20: 5 | B20: 4:00 PM - 6:00 PM | C20: H (col 8)
A23: CALLER PHONE NUMBERS (Vapi Phone Number IDs)
A24: Label | B24: Phone Number | C24: Vapi Phone Number ID
A25: Michigan | B25: +13134763373 | C25: 99529619-e612-4a78-9d35-b1e8cc26342a
A26: North Carolina | B26: +19803642843 | C26: 4120b86f-a8ce-4e65-8a75-bbf8d35dffcf
A27: Atlanta | B27: +14706846479 | C27: e2d2393e-806b-4fcf-ac79-18d06361373f
A28: Ohio | B28: +16146605738 | C28: dd9f46cf-13d6-44d3-be8d-417f253792c7
A29: Illinois | B29: +18722668571 | C29: 53853b84-ede9-4e59-b847-2d5e72d59e18
A30: Texas | B30: +13325292400 | C30: 755d2b34-45ca-476a-b836-dba0b5dbe4ef
A31: California | B31: +12138754659 | C31: 667a79aa-6f28-4c64-886a-4187b924ca21
A32: Texas 2 | B32: +18329811905 | C32: 1dea9d0f-c6d8-4701-8553-12ae3dfaddc9
A33: Florida | B33: +17867336970 | C33: 04f682bf-1cdd-49f8-aa6e-e2c5fb03ea48
A34: Pennsylvania | B34: +12677543588 | C34: 5db1accd-170a-4cc5-ac9d-106b585b2461

Sheet Call Log
A1: Call ID | B1: From Number | C1: To Number | D1: Status | E1: Duration (s) | F1: End Reason | G1: Transcript | H1: Classification | I1: Time Slot | J1: Attempt # | K1: Timestamp | L1: Recording URL
A2: btcal_4701krekxr5ae2j9r8jqh7zjn9yh | B2: phnum_3401krdsffz5ezbtvqf7yps9t0yp | C2: +16188416200 | D2: Retry | E2: 22 | F2: Ending conversation after 10 seconds of silence. | G2: MANGO: Hello, can you hear me? | Caller: Graham unavailable right now. Please leave me a message. | MANGO: Hello Can you hear me ? I can`t hear you. Hello ! | H2: Voicemail | I2: 8am-10am | J2: 1 | K2: 2026-05-12T17:36:15.804Z
A3: btcal_4701krekxr5ae2j9r8jqh7zjn9yh | B3: phnum_3401krdsffz5ezbtvqf7yps9t0yp | C3: +19147294098 | D3: In Progress | I3: 8am-10am | J3: 1 | K3: 2026-05-12T17:32:01.046Z
A4: btcal_4701krekxr5ae2j9r8jqh7zjn9yh | B4: phnum_3401krdsffz5ezbtvqf7yps9t0yp | C4: +18162176566 | D4: Retry | E4: 34 | F4: Ending conversation after 10 seconds of silence. | G4: MANGO: Hello, can you hear me? | Caller: The person you're trying to reach is not available. At the tone, please record your message. When you have finished recording, you may hang up. | MANGO: Hello Can you hear me ? I can`t hear you. Hello ! | H4: Voicemail | I4: 8am-10am | J4: 1 | K4: 2026-05-12T17:36:16.698Z
A5: btcal_4701krekxr5ae2j9r8jqh7zjn9yh | B5: phnum_3401krdsffz5ezbtvqf7yps9t0yp | C5: +18162583565 | D5: In Progress | I5: 8am-10am | J5: 1 | K5: 2026-05-12T17:32:01.046Z
A6: btcal_4701krekxr5ae2j9r8jqh7zjn9yh | B6: phnum_3401krdsffz5ezbtvqf7yps9t0yp | C6: +18106241528 | D6: In Progress | I6: 8am-10am | J6: 1 | K6: 2026-05-12T17:32:01.046Z
A7: btcal_4701krekxr5ae2j9r8jqh7zjn9yh | B7: phnum_3401krdsffz5ezbtvqf7yps9t0yp | C7: +15173751762 | D7: In Progress | I7: 8am-10am | J7: 1 | K7: 2026-05-12T17:32:01.046Z
A8: btcal_4701krekxr5ae2j9r8jqh7zjn9yh | B8: phnum_3401krdsffz5ezbtvqf7yps9t0yp | C8: +12696150209 | D8: In Progress | I8: 8am-10am | J8: 1 | K8: 2026-05-12T17:32:01.046Z
A9: btcal_4701krekxr5ae2j9r8jqh7zjn9yh | B9: phnum_3401krdsffz5ezbtvqf7yps9t0yp | C9: +18455214364 | D9: Retry | E9: 61 | F9: Conversation has exceeded maximum duration | G9: MANGO: Hello, can you hear me? | Caller: Yoram Steinberg. | H9: Voicemail | I9: 8am-10am | J9: 1 | K9: 2026-05-12T17:36:17.563Z

Sheet ManyMangos Pick for MM(Sheet1)
A1: First Name | B1: Last Name | C1: Mobile Phone Number | D1: Contact ID
A2: Pete | B2: Mahan | C2: +15184411783 | D2: 149655184442
A3: Jewel | B3: Mccummings | C3: +19735184483 | D3: 152178565425
A4: Vaughn | B4: Miller | C4: +17325228751 | D4: 154660295557
A5: Amberly | B5: Hall | C5: +16019348727 | D5: 197523462035
A6: Ashley | B6: Edmonds | C6: +12058423308 | D6: 149654571025
A7: Derek | B7: Ben | C7: +19288907089 | D7: 152229206428
A8: Daniel | B8: Dias | C8: +15084797726 | D8: 149675964520
A9: Jill | B9: Vinson | C9: +17604194404 | D9: 149726699664
A10: Jeremy | B10: Linda | C10: +15102193521 | D10: 148711302930
A11: Robin | B11: Vranesh | C11: +19256994239 | D11: 149658903956
A12: Jim | B12: Morris | C12: +12132152716 | D12: 149654570393
A13: Charlotte | B13: Lapaz | C13: +15759732664 | D13: 149677051973
... A1001: Kenneth | B1001: Lucas | C1001: +17273739693 | D1001: 65549378704
